<?xml version="1.0"?>
<doc>
    <assembly>
        <name>DealHelp</name>
    </assembly>
    <members>
        <member name="M:DealHelp.BaseParHelp.GetVersion">
            <summary>
            获取版本
            </summary>
            <returns></returns>
        </member>
        <member name="T:DealHelp.WinAbout">
            <summary>
            WinAbout.xaml 的交互逻辑
            </summary>
            <summary>
            WinAbout
            </summary>
        </member>
        <member name="M:DealHelp.WinAbout.InitializeComponent">
            <summary>
            InitializeComponent
            </summary>
        </member>
        <member name="T:DealHelp.Properties.Resources">
            <summary>
              一个强类型的资源类，用于查找本地化的字符串等。
            </summary>
        </member>
        <member name="P:DealHelp.Properties.Resources.ResourceManager">
            <summary>
              返回此类使用的缓存的 ResourceManager 实例。
            </summary>
        </member>
        <member name="P:DealHelp.Properties.Resources.Culture">
            <summary>
              使用此强类型资源类，为所有资源查找
              重写当前线程的 CurrentUICulture 属性。
            </summary>
        </member>
    </members>
</doc>
