<?xml version="1.0"?>
<doc>
    <assembly>
        <name>DealGrabImage</name>
    </assembly>
    <members>
        <member name="T:DealGrabImage.WinLight">
            <summary>
            WinLight.xaml 的交互逻辑
            </summary>
            <summary>
            WinLight
            </summary>
        </member>
        <member name="M:DealGrabImage.BaseWinGrabImage.btnClose_Click(System.Object,System.Windows.RoutedEventArgs)">
            <summary>
            退出窗体,恢复备份参数
            </summary>
        </member>
        <member name="M:DealGrabImage.BaseWinGrabImage.CloseWinforInit">
            <summary>
            关闭窗体
            </summary>
        </member>
        <member name="M:DealGrabImage.WinLight.btnSaveOnly_Click(System.Object,System.Windows.RoutedEventArgs)">
            <summary>
            仅仅保存
            </summary>
        </member>
        <member name="M:DealGrabImage.WinLight.InitializeComponent">
            <summary>
            InitializeComponent
            </summary>
        </member>
        <member name="T:DealGrabImage.TypePhoto">
            <summary>
            TypePhoto.xaml 的交互逻辑
            </summary>
            <summary>
            TypePhoto
            </summary>
        </member>
        <member name="M:DealGrabImage.TypePhoto.InitializeComponent">
            <summary>
            InitializeComponent
            </summary>
        </member>
        <member name="M:DealGrabImage.FunPhoto.DealTakePhoto(Camera.BaseUCDisplayCamera,DealGrabImage.ParPhoto)">
            <summary>
            调用拍照参数，获取图像
            </summary>
        </member>
        <member name="M:DealGrabImage.FunPhoto.PreSetPhoto(Camera.BaseUCDisplayCamera,DealGrabImage.ParPhoto)">
            <summary>
            软件打开和换型的时候预设置光源
            </summary>
            <param name="baseUCCamera"></param>
            <param name="par"></param>
        </member>
        <member name="M:DealGrabImage.FunPhoto.WriteRunTime(System.Diagnostics.Stopwatch,System.String,DealGrabImage.ParPhoto,DealResult.BaseResultHObject)">
            <summary>
            记录运行时间
            </summary>
        </member>
        <member name="T:DealGrabImage.Properties.Resources">
            <summary>
              一个强类型的资源类，用于查找本地化的字符串等。
            </summary>
        </member>
        <member name="P:DealGrabImage.Properties.Resources.ResourceManager">
            <summary>
              返回此类使用的缓存的 ResourceManager 实例。
            </summary>
        </member>
        <member name="P:DealGrabImage.Properties.Resources.Culture">
            <summary>
              使用此强类型资源类，为所有资源查找
              重写当前线程的 CurrentUICulture 属性。
            </summary>
        </member>
        <member name="M:DealGrabImage.BaseParGrabImage.WriteXmlDefault">
            <summary>
            将参数保存到默认值
            </summary>
            <returns></returns>
        </member>
        <member name="M:DealGrabImage.BaseParGrabImage.WriteXmlRoot">
            <summary>
            写入参数并获取参数的根节点
            </summary>
            <returns>根节点</returns>
        </member>
        <member name="M:DealGrabImage.ParPhoto.ReadXmlRoot(System.Xml.XmlDocument)">
            <summary>
            从文档中读取参数
            </summary>
            <param name="xDoc"></param>
            <returns></returns>    
        </member>
        <member name="M:DealGrabImage.ParPhoto.ReadXmlRoot(System.Xml.XmlElement)">
            <summary>
            从根节点中读取参数
            </summary>
            <param name="xeRoot"></param>
            <returns></returns>
        </member>
        <member name="M:DealGrabImage.ParPhoto.ReadXmlPar(System.Xml.XmlElement)">
            <summary>
            读取算法参数
            </summary>
            <param name="xeRoot"></param>
            <returns></returns>
        </member>
        <member name="M:DealGrabImage.ParPhoto.WriteXmlRoot(System.Xml.XmlElement)">
            <summary>
            写入参数到xml节点
            </summary>
            <param name="xeRoot"></param>
            <returns></returns>
        </member>
        <member name="M:DealGrabImage.ParPhoto.WriteXmlPar(System.Xml.XmlElement)">
            <summary>
            写入算法参数
            </summary>
            <param name="xeRoot"></param>
            <returns></returns>
        </member>
        <member name="P:DealGrabImage.ParPhoto.ResultHObject_L">
            <summary>
            输出数据结果列表
            </summary>
        </member>
        <member name="T:DealGrabImage.WinSetPhoto">
            <summary>
            SetImage.xaml 的交互逻辑
            设定拍照的相关参数
            </summary>
            <summary>
            WinSetPhoto
            </summary>
        </member>
        <member name="M:DealGrabImage.WinSetPhoto.dudPhotoDelay_ValueChanged(System.Object,System.Windows.RoutedPropertyChangedEventArgs{System.Object})">
            <summary>
            拍照延迟
            </summary>
        </member>
        <member name="M:DealGrabImage.WinSetPhoto.dudExposure_ValueChanged(System.Object,System.Windows.RoutedPropertyChangedEventArgs{System.Object})">
            <summary>
            曝光时间      
            </summary>
        </member>
        <member name="M:DealGrabImage.WinSetPhoto.dudGain_ValueChanged(System.Object,System.Windows.RoutedPropertyChangedEventArgs{System.Object})">
            <summary>
            增益调整  
            </summary>
        </member>
        <member name="M:DealGrabImage.WinSetPhoto.btnTakePhoto_Click(System.Object,System.Windows.RoutedEventArgs)">
            <summary>
            拍照测试，曝光和增益是否起作用
            </summary>
        </member>
        <member name="M:DealGrabImage.WinSetPhoto.GrabAndShow">
            <summary>
            采集并且显示图像
            </summary>
        </member>
        <member name="M:DealGrabImage.WinSetPhoto.cboComResult_SelectionChanged(System.Object,System.Windows.Controls.SelectionChangedEventArgs)">
            <summary>
            通用结果,输出的结果赋值给
            </summary>
        </member>
        <member name="M:DealGrabImage.WinSetPhoto.tsbPreSet_Checked(System.Object,System.Windows.RoutedEventArgs)">
            <summary>
            换型和打开软件预设置相机参数
            </summary>
            <param name="sender"></param>
            <param name="e"></param>
        </member>
        <member name="M:DealGrabImage.WinSetPhoto.chkUseParPhoto_Checked(System.Object,System.Windows.RoutedEventArgs)">
            <summary>
            设置相机拍照参数
            </summary>
        </member>
        <member name="M:DealGrabImage.WinSetPhoto.dudExposureRecover_ValueChanged(System.Object,System.Windows.RoutedPropertyChangedEventArgs{System.Object})">
            <summary>
            曝光参数恢复
            </summary>
        </member>
        <member name="M:DealGrabImage.WinSetPhoto.dudGainRecover_ValueChanged(System.Object,System.Windows.RoutedPropertyChangedEventArgs{System.Object})">
            <summary>
            增益参数恢复
            </summary>
        </member>
        <member name="M:DealGrabImage.WinSetPhoto.chkUseRecover_Checked(System.Object,System.Windows.RoutedEventArgs)">
            <summary>
            是否使用拍照参数恢复
            </summary>
        </member>
        <member name="M:DealGrabImage.WinSetPhoto.gpbRecover_MouseDoubleClick(System.Object,System.Windows.Input.MouseButtonEventArgs)">
            <summary>
            双击让控件使能
            </summary>
            <param name="sender"></param>
            <param name="e"></param>
        </member>
        <member name="M:DealGrabImage.WinSetPhoto.GetLocalImage">
            <summary>
            获取本地图片
            </summary>
            <returns></returns>
        </member>
        <member name="M:DealGrabImage.WinSetPhoto.btnSaveOnly_Click(System.Object,System.Windows.RoutedEventArgs)">
            <summary>
            仅仅保存
            </summary>
        </member>
        <member name="M:DealGrabImage.WinSetPhoto.InitComResult">
            <summary>
            通用结果
            </summary>
        </member>
        <member name="M:DealGrabImage.WinSetPhoto.InitializeComponent">
            <summary>
            InitializeComponent
            </summary>
        </member>
        <member name="T:DealGrabImage.UCLight">
            <summary>
            UCLight.xaml 的交互逻辑
            </summary>
            <summary>
            UCLight
            </summary>
        </member>
        <member name="M:DealGrabImage.UCLight.cboModel_SelectionChanged(System.Object,System.Windows.Controls.SelectionChangedEventArgs)">
            <summary>
            型号
            </summary>
        </member>
        <member name="M:DealGrabImage.UCLight.cboCom_SelectionChanged(System.Object,System.Windows.Controls.SelectionChangedEventArgs)">
            <summary>
            串口号
            </summary>
        </member>
        <member name="M:DealGrabImage.UCLight.cboBaund_SelectionChanged(System.Object,System.Windows.Controls.SelectionChangedEventArgs)">
            <summary>
            波特率
            </summary>
            <param name="sender"></param>
            <param name="e"></param>
        </member>
        <member name="M:DealGrabImage.UCLight.dudChannel1_ValueChanged(System.Object,System.Windows.RoutedPropertyChangedEventArgs{System.Object})">
            <summary>
            光亮
            </summary>
        </member>
        <member name="M:DealGrabImage.UCLight.tsbGlobalPar_Checked(System.Object,System.Windows.RoutedEventArgs)">
            <summary>
            是否位全局变量
            </summary>
        </member>
        <member name="M:DealGrabImage.UCLight.tsbLightCtr_Checked(System.Object,System.Windows.RoutedEventArgs)">
            <summary>
            光源独立控制
            </summary>
            <param name="sender"></param>
            <param name="e"></param>
        </member>
        <member name="M:DealGrabImage.UCLight.InitializeComponent">
            <summary>
            InitializeComponent
            </summary>
        </member>
        <member name="M:DealGrabImage.ParLight.ReadXmlRoot(System.Xml.XmlDocument)">
            <summary>
            从文档中读取参数
            </summary>
        </member>
        <member name="M:DealGrabImage.ParLight.ReadXmlRoot(System.Xml.XmlElement)">
            <summary>
            从根节点中读取参数
            </summary>
        </member>
        <member name="M:DealGrabImage.ParLight.ReadXmlPar(System.Xml.XmlElement)">
            <summary>
            读取算法参数
            </summary>
        </member>
        <member name="M:DealGrabImage.ParLight.WriteXmlRoot(System.Xml.XmlElement)">
            <summary>
            写入参数到xml节点
            </summary>
        </member>
        <member name="M:DealGrabImage.ParLight.WriteXmlPar(System.Xml.XmlElement)">
            <summary>
            写入算法参数
            </summary>
        </member>
        <member name="M:DealGrabImage.ParComResultGrabImage.ReadXmlRoot(System.Xml.XmlDocument)">
            <summary>
            从文档中读取参数
            </summary>
        </member>
        <member name="M:DealGrabImage.ParComResultGrabImage.ReadXmlRoot(System.Xml.XmlElement)">
            <summary>
            从根节点中读取参数
            </summary>
            <param name="xeRoot"></param>
            <returns></returns>
        </member>
        <member name="M:DealGrabImage.ParComResultGrabImage.ReadXmlPar(System.Xml.XmlElement)">
            <summary>
            读取算法参数
            </summary>
            <param name="xeRoot"></param>
            <returns></returns>
        </member>
        <member name="M:DealGrabImage.ParComResultGrabImage.WriteXmlRoot(System.Xml.XmlElement)">
            <summary>
            写入参数到xml节点
            </summary>
        </member>
        <member name="T:XamlGeneratedNamespace.GeneratedInternalTypeHelper">
            <summary>
            GeneratedInternalTypeHelper
            </summary>
        </member>
        <member name="M:XamlGeneratedNamespace.GeneratedInternalTypeHelper.CreateInstance(System.Type,System.Globalization.CultureInfo)">
            <summary>
            CreateInstance
            </summary>
        </member>
        <member name="M:XamlGeneratedNamespace.GeneratedInternalTypeHelper.GetPropertyValue(System.Reflection.PropertyInfo,System.Object,System.Globalization.CultureInfo)">
            <summary>
            GetPropertyValue
            </summary>
        </member>
        <member name="M:XamlGeneratedNamespace.GeneratedInternalTypeHelper.SetPropertyValue(System.Reflection.PropertyInfo,System.Object,System.Object,System.Globalization.CultureInfo)">
            <summary>
            SetPropertyValue
            </summary>
        </member>
        <member name="M:XamlGeneratedNamespace.GeneratedInternalTypeHelper.CreateDelegate(System.Type,System.Object,System.String)">
            <summary>
            CreateDelegate
            </summary>
        </member>
        <member name="M:XamlGeneratedNamespace.GeneratedInternalTypeHelper.AddEventHandler(System.Reflection.EventInfo,System.Object,System.Delegate)">
            <summary>
            AddEventHandler
            </summary>
        </member>
    </members>
</doc>
