<?xml version="1.0"?>
<doc>
    <assembly>
        <name>ControlLib</name>
    </assembly>
    <members>
        <member name="M:ControlLib.BaseControlLib.GetVersion">
            <summary>
            获取版本
            </summary>
            <returns></returns>
        </member>
        <member name="T:ControlLib.VerInfo">
            <summary>
            版本信息
            </summary>
        </member>
        <member name="M:ControlLib.ButtonBase.RefreshDefaultColor(System.String,System.Boolean)">
            <summary>
            刷新成默认yn
            </summary>
        </member>
        <member name="M:ControlLib.ButtonBase.RefreshColor_Invoke(System.String,System.Boolean)">
            <summary>
            根据状态设置按钮颜色，如果为Flase，则设置红色2S
            </summary>
        </member>
        <member name="M:ControlLib.ButtonColor.RefreshDefaultColor(System.String,System.Boolean)">
            <summary>
            刷新成默认yn
            </summary>
        </member>
        <member name="M:ControlLib.ButtonColor.RefreshColor_Invoke(System.String,System.Boolean)">
            <summary>
            根据状态设置按钮颜色，如果为Flase，则设置红色2S
            </summary>
        </member>
        <member name="T:ControlLib.UCDoubleRange">
            <summary>
            UCDoubleRange.xaml 的交互逻辑
            </summary>
            <summary>
            UCDoubleRange
            </summary>
        </member>
        <member name="M:ControlLib.UCDoubleRange.InitializeComponent">
            <summary>
            InitializeComponent
            </summary>
        </member>
        <member name="T:ControlLib.Properties.Resources">
            <summary>
              一个强类型的资源类，用于查找本地化的字符串等。
            </summary>
        </member>
        <member name="P:ControlLib.Properties.Resources.ResourceManager">
            <summary>
              返回此类使用的缓存的 ResourceManager 实例。
            </summary>
        </member>
        <member name="P:ControlLib.Properties.Resources.Culture">
            <summary>
              使用此强类型资源类，为所有资源查找
              重写当前线程的 CurrentUICulture 属性。
            </summary>
        </member>
        <member name="T:XamlGeneratedNamespace.GeneratedInternalTypeHelper">
            <summary>
            GeneratedInternalTypeHelper
            </summary>
        </member>
        <member name="M:XamlGeneratedNamespace.GeneratedInternalTypeHelper.CreateInstance(System.Type,System.Globalization.CultureInfo)">
            <summary>
            CreateInstance
            </summary>
        </member>
        <member name="M:XamlGeneratedNamespace.GeneratedInternalTypeHelper.GetPropertyValue(System.Reflection.PropertyInfo,System.Object,System.Globalization.CultureInfo)">
            <summary>
            GetPropertyValue
            </summary>
        </member>
        <member name="M:XamlGeneratedNamespace.GeneratedInternalTypeHelper.SetPropertyValue(System.Reflection.PropertyInfo,System.Object,System.Object,System.Globalization.CultureInfo)">
            <summary>
            SetPropertyValue
            </summary>
        </member>
        <member name="M:XamlGeneratedNamespace.GeneratedInternalTypeHelper.CreateDelegate(System.Type,System.Object,System.String)">
            <summary>
            CreateDelegate
            </summary>
        </member>
        <member name="M:XamlGeneratedNamespace.GeneratedInternalTypeHelper.AddEventHandler(System.Reflection.EventInfo,System.Object,System.Delegate)">
            <summary>
            AddEventHandler
            </summary>
        </member>
    </members>
</doc>
