<?xml version="1.0"?>
<doc>
    <assembly>
        <name>DealTool</name>
    </assembly>
    <members>
        <member name="T:DealTool.Properties.Resources">
            <summary>
              一个强类型的资源类，用于查找本地化的字符串等。
            </summary>
        </member>
        <member name="P:DealTool.Properties.Resources.ResourceManager">
            <summary>
              返回此类使用的缓存的 ResourceManager 实例。
            </summary>
        </member>
        <member name="P:DealTool.Properties.Resources.Culture">
            <summary>
              使用此强类型资源类，为所有资源查找
              重写当前线程的 CurrentUICulture 属性。
            </summary>
        </member>
        <member name="T:DealTool.WinCopyFile">
            <summary>
            WinCopyFile.xaml 的交互逻辑
            </summary>
            <summary>
            WinCopyFile
            </summary>
        </member>
        <member name="M:DealTool.WinCopyFile.btnWinCopyFile_Click(System.Object,System.Windows.RoutedEventArgs)">
            <summary>
            恢复文件
            </summary>
            <param name="sender"></param>
            <param name="e"></param>
        </member>
        <member name="M:DealTool.WinCopyFile.btnLook_Click(System.Object,System.Windows.RoutedEventArgs)">
            <summary>
            查看文件夹
            </summary>
            <param name="sender"></param>
            <param name="e"></param>
        </member>
        <member name="M:DealTool.WinCopyFile.ShowDir">
            <summary>
            显示移动盘
            </summary>
        </member>
        <member name="M:DealTool.WinCopyFile.InitializeComponent">
            <summary>
            InitializeComponent
            </summary>
        </member>
    </members>
</doc>
