<?xml version="1.0"?>
<doc>
    <assembly>
        <name>DealComInterface</name>
    </assembly>
    <members>
        <member name="T:DealComInterface.WinTrrigerComInterface">
            <summary>
            WinTrrigerComInterface.xaml 的交互逻辑
            </summary>
            <summary>
            WinTrrigerComInterface
            </summary>
        </member>
        <member name="M:DealComInterface.WinTrrigerComInterface.InitializeComponent">
            <summary>
            InitializeComponent
            </summary>
        </member>
        <member name="M:DealComInterface.IStreamResource.DiscardInBuffer">
            <summary>
                Purges the receive buffer.
            </summary>
        </member>
        <member name="M:DealComInterface.IStreamResource.Read(System.Int32)">
            <summary>
            从二进制流中读取数据，以字符串的形式返回
            </summary>
            <param name="count">读取的字符个数，0为读取到指定结束符"#"处</param>
            <returns>读到的字符串</returns>
        </member>
        <member name="M:DealComInterface.IStreamResource.Write(System.String,System.Int32)">
            <summary>
            将字符串写入数据流
            </summary>
            <param name="data">需要写入的字符串</param>
            <param name="count">写入字符的个数</param>
        </member>
        <member name="M:DealComInterface.FunInterfaceEthernetClient.OpenInterface">
            <summary>
            打开接口
            </summary>
            <returns></returns>
        </member>
        <member name="M:DealComInterface.FunInterfaceEthernetClient.OpenPortRead">
            <summary>
            打开读取端口
            </summary>
            <returns></returns>
        </member>
        <member name="M:DealComInterface.FunInterfaceEthernetClient.OpenPortWrite">
            <summary>
            打开写入端口
            </summary>
            <returns></returns>
        </member>
        <member name="M:DealComInterface.FunInterfaceEthernetClient.ClosePort">
            <summary>
            关闭端口
            </summary>
            <returns></returns>
        </member>
        <member name="M:DealComInterface.ParInterfaceEthernet.ReadPar">
            <summary>
            读取参数
            </summary>
            <returns></returns>
        </member>
        <member name="M:DealComInterface.ParInterfaceEthernet.WritePar">
            <summary>
            写入参数
            </summary>
            <returns></returns>
        </member>
        <member name="M:DealComInterface.FunInterfaceEthernetServer.OpenPortRead">
            <summary>
            打开读取端口
            </summary>
            <returns></returns>
        </member>
        <member name="M:DealComInterface.FunInterfaceEthernetServer.OpenPortWrite">
            <summary>
            打开写入端口
            </summary>
            <returns></returns>
        </member>
        <member name="M:DealComInterface.FunInterfaceEthernetServer.ClosePort">
            <summary>
            关闭通信
            </summary>
            <returns></returns>
        </member>
        <member name="T:DealComInterface.SetTypePort">
            <summary>
            UCSetTypeRobot.xaml 的交互逻辑
            </summary>
            <summary>
            SetTypePort
            </summary>
        </member>
        <member name="M:DealComInterface.SetTypePort.btnSave_Click(System.Object,System.Windows.RoutedEventArgs)">
            <summary>
            
            </summary>
            <param name="sender"></param>
            <param name="e"></param>
        </member>
        <member name="M:DealComInterface.SetTypePort.InitializeComponent">
            <summary>
            InitializeComponent
            </summary>
        </member>
        <member name="T:DealComInterface.Properties.Resources">
            <summary>
              一个强类型的资源类，用于查找本地化的字符串等。
            </summary>
        </member>
        <member name="P:DealComInterface.Properties.Resources.ResourceManager">
            <summary>
              返回此类使用的缓存的 ResourceManager 实例。
            </summary>
        </member>
        <member name="P:DealComInterface.Properties.Resources.Culture">
            <summary>
              使用此强类型资源类，为所有资源查找
              重写当前线程的 CurrentUICulture 属性。
            </summary>
        </member>
        <member name="T:DealComInterface.TypeInterface_enum">
            <summary>
            接口类型
            </summary>
        </member>
        <member name="T:DealComInterface.TypePort_enum">
            <summary>
            端口类型
            </summary>
        </member>
        <member name="T:DealComInterface.TypePortState_enum">
            <summary>
            端口打开状态
            </summary>
        </member>
        <member name="T:DealComInterface.UCSetInterfaceEthernet">
            <summary>
            UCSetAddress.xaml 的交互逻辑
            </summary>
            <summary>
            UCSetInterfaceEthernet
            </summary>
        </member>
        <member name="M:DealComInterface.UCSetInterfaceEthernet.Save">
            <summary>
            保存参数
            </summary>
        </member>
        <member name="M:DealComInterface.UCSetInterfaceEthernet.InitializeComponent">
            <summary>
            InitializeComponent
            </summary>
        </member>
        <member name="M:DealComInterface.FunInterFaceEthernet.OpenInterface(DealComInterface.BaseParComInterface)">
            <summary>
            打开端口,按照设置，依次处理三个端口
            </summary>
            <param name="baseParInterface"></param>
            <returns></returns>
        </member>
        <member name="M:DealComInterface.FunInterFaceEthernet.OpenClient(DealComInterface.BaseParInterFace)">
            <summary>
            设置客户端
            </summary>
            <param name="baseParInterFace"></param>
        </member>
        <member name="M:DealComInterface.FunInterFaceEthernet.OpenServer(System.Object)">
            <summary>
            设置服务器
            </summary>
            <param name="obj"></param>
        </member>
        <member name="M:DealComInterface.FunInterFaceEthernet.ISServerOpen(DealComInterface.TypePortState_enum)">
            <summary>
            判断服务器是否打开 
            </summary>
        </member>
        <member name="M:DealComInterface.FunInterFaceEthernet.WaitServerOpen">
            <summary>
            等待服务器打开，如果超时则报警,等待10s
            </summary>
        </member>
        <member name="M:DealComInterface.FunInterFaceEthernet.ReadData">
            <summary>
            从端口读取数据
            </summary>
            <returns></returns>
        </member>
        <member name="M:DealComInterface.FunInterFaceEthernet.WriteData(System.String)">
            <summary>
            写入数据
            </summary>
            <param name="data"></param>
            <returns></returns>
        </member>
        <member name="T:DealComInterface.WinSetComInterface">
            <summary>
            SetRobot.xaml 的交互逻辑
            </summary>
            <summary>
            WinSetComInterface
            </summary>
        </member>
        <member name="M:DealComInterface.WinSetComInterface.InitializeComponent">
            <summary>
            InitializeComponent
            </summary>
        </member>
    </members>
</doc>
